product_id,name,product_line,category,price_usd,size,actives,otc_drug,full_size_product_id,flags,highlights,sephora_rating,sephora_review_count,kb_review_count,kb_avg_rating,kb_recommend_pct,kb_incentivized_pct,doc_id
P428819,Watermelon Pink Juice Oil-Free Moisturizer,Watermelon,Skincare > Moisturizers > Moisturizers,39.0,2 oz/ 60 mL,fragrance,False,,sephora_exclusive,"Hyaluronic Acid|Clean + Planet Positive|Hydrating|Good for: Dryness|Oil Free|Best for Oily, Combo, Normal Skin",4.0,1927,2332,3.95,72.2,6.3,product/P428819
P435386,Mini Watermelon Pink Juice Oil-Free Moisturizer,Watermelon,Skincare > Mini Size,21.0,0.85 oz/ 25 mL,fragrance,False,P428819,,"Good for: Dryness|Hyaluronic Acid|Hydrating|Best for Oily, Combo, Normal Skin|Clean + Planet Positive|Community Favorite",3.76,409,2332,3.95,72.2,6.3,product/P435386
P436359,Blueberry Bounce Gentle Cleanser,Blueberry,Skincare > Cleansers > Face Wash & Cleansers,34.0,5.41 oz/ 160 mL,aha|fragrance,False,,sephora_exclusive,Hyaluronic Acid|AHA/Glycolic Acid|Good for: Dullness/Uneven Texture|Good for: Acne/Blemishes|Vegan|Clean + Planet Positive,3.81,1065,1379,3.79,67.7,0.2,product/P436359
P441323,Mini Blueberry Bounce Gentle Cleanser,Blueberry,Skincare > Mini Size,10.0,1 oz/ 30 mL,aha|fragrance,False,P436359,sephora_exclusive,Good for: Dullness/Uneven Texture|AHA/Glycolic Acid|Hyaluronic Acid|Cruelty-Free|Clean + Planet Positive,3.71,316,1379,3.79,67.7,0.2,product/P441323
P442744,Watermelon Glow Ultra-Fine Mist,Watermelon,Skincare > Moisturizers > Mists & Essences,29.0,2.53 oz/ 75 mL,fragrance,False,,sephora_exclusive,Good for: Dryness|Hyaluronic Acid|Good for: Dullness/Uneven Texture|Clean + Planet Positive|Community Favorite,4.16,992,985,4.15,79.0,0.9,product/P442744
P447791,Avocado Fine Line Eye Cream with Retinol,Avocado,Skincare > Eye Care > Eye Masks,42.0,0.5 oz/ 15 mL,retinoid|fragrance,False,,sephora_exclusive,Good for: Dullness/Uneven Texture|Good for: Loss of firmness|Clean + Planet Positive|Good for: Dark Circles|Hydrating|Retinol,4.11,1886,1884,4.1,78.2,24.1,product/P447791
P458219,Watermelon Glow PHA + BHA Pore-Tight Toner,Watermelon,Skincare > Cleansers > Toners,34.0,5.07 oz/ 150 mL,fragrance|bha,False,,sephora_exclusive,Hyaluronic Acid|Good for: Dullness/Uneven Texture|Clean + Planet Positive|Good for: Pores|Hydrating|Salicylic Acid,4.37,3305,3312,4.37,85.6,9.5,product/P458219
P460516,Papaya Sorbet Smoothing Enzyme Cleansing Balm & Makeup Remover,Papaya,Skincare > Cleansers > Face Wash & Cleansers,32.0,3.4 oz/ 100 mL,,False,,sephora_exclusive,Good for: Dullness/Uneven Texture|Hydrating|Fragrance Free|Cruelty-Free|Clean + Planet Positive,4.2,1428,1428,4.2,80.9,10.2,product/P460516
P462699,Plum Plump Hyaluronic Acid Serum,Plum,Skincare > Treatments > Face Serums,45.0,1.0 oz/ 30 mL,fragrance,False,,sephora_exclusive,Hyaluronic Acid|Good for: Dullness/Uneven Texture|Good for: Loss of firmness|Community Favorite|Plumping|Clean + Planet Positive|Hydrating,4.42,1918,1918,4.42,87.4,21.7,product/P462699
P466123,Watermelon Glow Niacinamide Dew Drops,Watermelon,Skincare > Treatments > Face Serums,35.0,1.35 oz/ 40 mL,fragrance,False,,sephora_exclusive,Vegan|Community Favorite|High Shine Finish|Clean + Planet Positive|Niacinamide|Cruelty-Free,4.4,2136,2211,4.4,86.6,35.8,product/P466123
P467762,Mini Watermelon Glow PHA + BHA Pore-Tight Toner,Watermelon,Skincare > Mini Size,15.0,1.35 oz/ 40 mL,fragrance|bha,False,P458219,,Vegan|Community Favorite|Clean + Planet Positive,4.37,3305,3312,4.37,85.6,9.5,product/P467762
P469211,Watermelon Glow AHA Pink Dream Body Cream,Watermelon,Bath & Body > Body Moisturizers > Body Lotions & Body Oils,29.0,8.4 oz / 240 mL,fragrance|aha,False,,sephora_exclusive,Good for: Dullness/Uneven Texture|Hyaluronic Acid|Clean + Planet Positive|Hydrating|Fresh Scent|allure 2021 Best of Beauty Award Winner,4.43,1698,0,,,,product/P469211
P470529,Avocado Soothing Skin Barrier Serum with Ceramides,Avocado,Skincare > Treatments > Face Serums,45.0,1 oz/ 30 mL,,False,,sephora_exclusive,Good for: Redness|Good for: Dullness/Uneven Texture|Clean + Planet Positive|Hydrating|Fragrance Free|Cruelty-Free,4.47,1412,1417,4.47,87.4,25.8,product/P470529
P472468,Watermelon Glow Hyaluronic Clay Pore-Tight Facial Mask,Watermelon,Skincare > Masks > Face Masks,40.0,2.03 oz/ 60 mL,fragrance,False,,sephora_exclusive,Hyaluronic Acid|Good for: Pores|Clean + Planet Positive|Hydrating|Good for: Dryness|Cruelty-Free,4.59,981,981,4.59,93.9,22.8,product/P472468
P475543,Guava Vitamin C Dark Spot Treatment Serum,Guava,Skincare > Treatments > Face Serums,45.0,1 oz/ 30 mL,,False,,sephora_exclusive,Vegan|Good for: Dullness/Uneven Texture|Good for: Loss of firmness|Vitamin C|Clean + Planet Positive|Good for: Dark spots,4.26,750,750,4.26,81.5,4.9,product/P475543
P479327,Plum Plump Hyaluronic Acid Moisturizer,Plum,Skincare > Moisturizers > Moisturizers,39.0,1.7 oz/ 50 mL,fragrance,False,,sephora_exclusive,Refill Available|Hyaluronic Acid|Good for: Dullness/Uneven Texture|Best for Dry Skin|Clean + Planet Positive|Hydrating,4.46,1449,1456,4.46,87.6,10.0,product/P479327
P481989,Watermelon Glow Niacinamide Sunscreen SPF 50,Watermelon,Skincare > Sunscreen > Face Sunscreen,35.0,1.7 oz/ 50 mL,aha|sunscreen_filter|fragrance,True,,sephora_exclusive,Vegan|Hyaluronic Acid|Good for: Dullness/Uneven Texture|Clean + Planet Positive|Hydrating|SPF|Niacinamide|Cruelty-Free,3.76,1293,1295,3.76,65.4,2.6,product/P481989
P482535,Strawberry Smooth BHA + AHA Salicylic Acid Serum,Strawberry,Skincare > Treatments > Face Serums,42.0,not listed,aha|bha|fragrance,False,,sephora_exclusive,Good for: Dullness/Uneven Texture|Hyaluronic Acid|Good for: Pores|Clean + Planet Positive|AHA/Glycolic Acid|Good for: Acne/Blemishes|Salicylic Acid,4.54,1024,1027,4.54,90.7,2.4,product/P482535
P500472,Mini Plum Plump Hyaluronic Acid Moisturizer,Plum,Skincare > Mini Size,21.0,.68 oz / 20 mL,,False,P479327,sephora_exclusive,Refill Available|Hyaluronic Acid|Good for: Dullness/Uneven Texture|Best for Dry Skin|Clean + Planet Positive|Hydrating,4.46,1449,1456,4.46,87.6,10.0,product/P500472
P501254,Watermelon Glow AHA Night Treatment,Watermelon,Skincare > Treatments > Facial Peels,40.0,2.02 oz / 60 mL,aha|fragrance,False,,sephora_exclusive,Good for: Dullness/Uneven Texture|Hyaluronic Acid|Good for: Pores|Clean + Planet Positive|AHA/Glycolic Acid|Good for: Dryness,4.68,730,732,4.68,93.9,3.3,product/P501254
P501570,Mini Watermelon Glow AHA Night Treatment,Watermelon,Mini Size > Skincare,21.0,0.84 oz / 25 mL,aha|fragrance,False,P501254,sephora_exclusive,Good for: Dullness/Uneven Texture|Hyaluronic Acid|Good for: Pores|Clean + Planet Positive|AHA/Glycolic Acid|Good for: Dryness,4.68,730,732,4.68,93.9,3.3,product/P501570
P501760,Guava Vitamin C Bright-Eye Gel Cream,Guava,Skincare > Eye Care > Eye Creams & Treatments,38.0,0.5 oz / 15 mL,,False,,sephora_exclusive,Hyaluronic Acid|Vitamin C|Clean + Planet Positive|Good for: Dark Circles|Good for: Dryness|Niacinamide,4.51,914,922,4.49,88.2,2.6,product/P501760
P503634,Avocado Ceramide Moisture Barrier Cleanser,Avocado,Skincare > Cleansers > Face Wash & Cleansers,28.0,5 oz / 150 mL,,False,,"new, sephora_exclusive","Good for: Redness|Good for: Dullness/Uneven Texture|Clean + Planet Positive|Hydrating|Good for: Dryness|Best for Dry, Combo, Normal Skin",4.44,620,630,4.43,88.9,9.8,product/P503634
P504125,Strawberry BHA Pore-Smooth Blur Drops,Strawberry,Skincare > Treatments > Face Serums,32.0,1 oz / 30 mL,bha|fragrance,False,,"new, sephora_exclusive","Good for: Pores|Clean + Planet Positive|Good for: Acne/Blemishes|Salicylic Acid|Best for Oily, Combo, Normal Skin|Cruelty-Free",4.69,535,552,4.66,95.7,30.3,product/P504125
P504636,Mini Watermelon Glow Niacinamide Dew Drops,Watermelon,Skincare > Treatments > Face Serums,20.0,0.5 oz / 15 mL,fragrance,False,P466123,"new, sephora_exclusive",Vegan|Community Favorite|High Shine Finish|Clean + Planet Positive|Niacinamide|Cruelty-Free,4.0,13,2211,4.4,86.6,35.8,product/P504636
